type,title,date,institution,url,download_or_access,rights,research_note
primary_record,Real Cédula a Luis Carros sobre las islas a anexar,1519-01-15,PARES · Archivo General de Indias,https://pares.mcu.es/ParesBusquedas20/catalogo/description/247774,Digital record / digitized images in PARES,Archivo público español,Registro clave para la enumeración histórica vinculada al obispado de San Juan.
book_pdf,"La colonización de Puerto Rico, desde el descubrimiento de la isla hasta la reversión á la corona española de los privilegios de Colón",1907,Library of Congress,https://www.loc.gov/item/08021579/,https://tile.loc.gov/storage-services/service/gdc/lhbpr/19425/19425.pdf,Public domain,Incluye transcripciones documentales relevantes para el periodo inicial de la colonización y el obispado.
book_pdf,Geografía y descripción universal de las Indias,1571-1574; ed. 1894,Biblioteca Virtual Banco de la República / Miguel de Cervantes,https://www.cervantesvirtual.com/obra/geografia-y-descripcion-universal-de-las-indias-859811/,https://babel.banrepcultural.org/digital/collection/p17054coll10/id/2428/,Public domain,Fuente geográfica del siglo XVI; la edición digital moderna se ofrece en PDF por secciones.
historic_map,Map of Lesser Antilles,ca. 1650,Library of Congress,https://www.loc.gov/item/99443222/,https://www.loc.gov/item/99443222/,Public domain / no known restrictions,Mapa manuscrito de las Antillas Menores; útil como contexto cartográfico posterior al periodo del sitio.
historic_map,Map of the islands of Hispaniola and Puerto Rico,ca. 1639,Library of Congress,https://www.loc.gov/item/2003623402/,https://www.loc.gov/item/2003623402/,Public domain / no known restrictions,Mapa manuscrito temprano de Puerto Rico e Hispaniola; útil para contexto visual y toponímico.
historic_map,"A chart of the Antilles, or, Charibbee, or, Caribs Islands, with the Virgin Isles",1784,Library of Congress,https://www.loc.gov/item/74695636/,https://www.loc.gov/item/74695636/,Public domain / digitized historical map,Carta posterior pero detallada del arco y las Islas Vírgenes; útil para análisis comparativo.
military_history,Boletín de la Academia Puertorriqueña de la Historia — operaciones de 1646–1647,1976,Academia Puertorriqueña de la Historia,https://academiaprhistoria.org/wp-content/uploads/2019/11/1976-01-01.pdf,https://academiaprhistoria.org/wp-content/uploads/2019/11/1976-01-01.pdf,Research copy,"Documenta expediciones procedentes de Puerto Rico hacia Tórtola, Santa Cruz y Vieques."
historical_synthesis,Prontuario histórico de Puerto Rico — operaciones punitivas en Barlovento,20th century,Instituto de Cultura Puertorriqueña / Fundación Larramendi,https://www.larramendi.es/es/catalogo_imagenes/grupo.do?path=1031923,https://www.larramendi.es/es/catalogo_imagenes/grupo.do?path=1031923,Research access,"Resume a Puerto Rico como base de operaciones contra piratas y corsarios en Vieques, Santa Cruz, San Martín, San Cristóbal y Tórtola."
historic_map,Mapa de la Isla de Santa Cruz,1647-06-09,Greater Caribbean Mapping / PARES,https://greatercaribbeanmaps.org/maps/mapa-de-la-isla-de-santa-cruz-islas-virgenes-de-los-estados-unidos-de-america-2/,http://pares.mcu.es/ParesBusquedas20/catalogo/description/23036,Archival map record,Relaciona el mapa con una carta del gobernador de Puerto Rico después de desalojar un establecimiento extranjero en Santa Cruz.
